PREREQUISITE	TARGET
COMPUTER	MALICIOUS SOFTWARE
COMPUTER	UNAUTHORIZED ACCESS
COMPUTER	COMPUTER SYSTEM
COMPUTER	OPERATING SYSTEM
COMPUTER	SIMPLE MAIL TRANSFER PROTOCOL
COMPUTER	ACCESS POINT
COMPUTER	SERVER
COMPUTER	INTERNET
COMPUTER	LOCAL MACHINE
COMPUTER	SHORT BUS
COMPUTER	LOCAL AREA NETWORK
COMPUTER	BUS NETWORK
COMPUTER	OFFICE PROTOCOL VERSION
COMPUTER	BROWSER
COMPUTER	FILE TRANSFER PROTOCOL
COMPUTER	INTERNET MAIL ACCESS PROTOCOL
COMPUTER	INTERPROCESS COMMUNICATION
COMPUTER	INTERNET SOFTWARE
COMPUTER	NETWORK SOFTWARE
COMPUTER	END SYSTEM
COMPUTER	UNIFORM RESOURCE LOCATOR
COMPUTER	CLIENT/SERVER MODEL
COMPUTER	NETWORK
COMPUTER	SOFTWARE
COMPUTER	INTERNET PROTOCOL ADDRESS
COMPUTER	LINK LAYER
COMPUTER SYSTEM	OPERATING SYSTEM
COMPUTER SYSTEM	NETWORK SOFTWARE
COMPUTER SYSTEM	NETWORK
COMPUTER SYSTEM	SOFTWARE
COMPUTER SYSTEM	TROJAN HORSE
NETWORK	INTERNET SERVICE PROVIDER
NETWORK	MALICIOUS SOFTWARE
NETWORK	MULTIPLE ACCESS WITH COLLISION AVOIDANCE
NETWORK	PRINT SERVER
NETWORK	SECURE SHELL
NETWORK	CONTENT DELIVERY NETWORK
NETWORK	BUSY CHANNEL
NETWORK	UNAUTHORIZED ACCESS
NETWORK	INTERNET SERVICE PROVIDERS
NETWORK	HIDDEN TERMINAL PROBLEM
NETWORK	OPERATING SYSTEM
NETWORK	WORLD WIDE WEB
NETWORK	WIFI NETWORK
NETWORK	FINAL DESTINATION
NETWORK	SIMPLE MAIL TRANSFER PROTOCOL
NETWORK	SECURE SOCKET LAYER
NETWORK	ACCESS POINT
NETWORK	CENTRAL ACCESS POINT
NETWORK	SERVER
NETWORK	INTERNET
NETWORK	INTERNET ACCESS
NETWORK	STAR NETWORK
NETWORK	FILE SERVER
NETWORK	OPEN SYSTEM
NETWORK	LEGACY ANALOG
NETWORK	PROPER DIRECTION
NETWORK	SHORT BUS
NETWORK	LOCAL AREA NETWORK
NETWORK	BUS NETWORK
NETWORK	TERM GATEWAY
NETWORK	FORWARDING TABLE
NETWORK	ACCESS INTERNET SERVICE PROVIDER
NETWORK	OPEN NETWORK
NETWORK	WIDE AREA NETWORK
NETWORK	TRANSMISSION CONTROL PROTOCOL
NETWORK	DOMAIN NAME
NETWORK	ETHERNET NETWORK
NETWORK	FILE TRANSFER PROTOCOL
NETWORK	NETWORK SECURITY
NETWORK	NETWORK PROTOCOL
NETWORK	INTERPROCESS COMMUNICATION
NETWORK	INTERNET SOFTWARE
NETWORK	NETWORK SOFTWARE
NETWORK	END SYSTEM
NETWORK	CARRIER SENSE
NETWORK	CLIENT/SERVER MODEL
NETWORK	COLLISION AVOIDANCE
NETWORK	INTERNET PROTOCOL
NETWORK	TIER - 2 INTERNET SERVICE PROVIDERS
NETWORK	COLLISION DETECTION
NETWORK	MULTIPLE ACCESS
NETWORK	PEER - TO - PEER MODEL
NETWORK	MULTIPLE ACCESS WITH COLLISION DETECTION
NETWORK	INTERNET PROTOCOL ADDRESS
NETWORK	METROPOLITAN AREA NETWORK
NETWORK	LINK LAYER
NETWORK	PERSONAL AREA NETWORK
NETWORK	MESSAGE
MACHINE	INTERNET SERVICE PROVIDER
MACHINE	VOICE OVER INTERNET PROTOCOL
MACHINE	MALICIOUS SOFTWARE
MACHINE	MULTIPLE ACCESS WITH COLLISION AVOIDANCE
MACHINE	PRINT SERVER
MACHINE	CONTENT DELIVERY NETWORK
MACHINE	BUSY CHANNEL
MACHINE	INTERNET SERVICE PROVIDERS
MACHINE	COMPUTER SYSTEM
MACHINE	HIDDEN TERMINAL PROBLEM
MACHINE	WIFI NETWORK
MACHINE	FINAL DESTINATION
MACHINE	ACCESS POINT
MACHINE	CENTRAL ACCESS POINT
MACHINE	SERVER
MACHINE	LOCAL MACHINE
MACHINE	PROPER DIRECTION
MACHINE	SHORT BUS
MACHINE	BUS NETWORK
MACHINE	FORWARDING TABLE
MACHINE	OPEN NETWORK
MACHINE	MNEMONIC ADDRESS
MACHINE	WIDE AREA NETWORK
MACHINE	HIDDEN TERMINAL
MACHINE	ETHERNET NETWORK
MACHINE	INTERNET SOFTWARE
MACHINE	CARRIER SENSE
MACHINE	CLIENT/SERVER MODEL
MACHINE	NETWORK
MACHINE	COLLISION AVOIDANCE
MACHINE	NAME SERVER
MACHINE	COLLISION DETECTION
MACHINE	MULTIPLE ACCESS
MACHINE	MULTIPLE ACCESS WITH COLLISION DETECTION
MACHINE	SOFTWARE
MACHINE	INTERNET PROTOCOL ADDRESS
MESSAGE	MULTIPLE ACCESS WITH COLLISION AVOIDANCE
MESSAGE	DIGITAL SIGNATURE
MESSAGE	BUSY CHANNEL
MESSAGE	HIDDEN TERMINAL PROBLEM
MESSAGE	FINAL DESTINATION
MESSAGE	SIMPLE MAIL TRANSFER PROTOCOL
MESSAGE	PUBLIC - KEY ENCRYPTION SYSTEM
MESSAGE	PUBLICKEY ENCRYPTION
MESSAGE	SECURE SOCKET LAYER
MESSAGE	INTERNET
MESSAGE	APPLICATION LAYER
MESSAGE	USER DATAGRAM PROTOCOL
MESSAGE	PROPER DIRECTION
MESSAGE	TRANSMISSION CONTROL PROTOCOL TRANSPORT LAYER
MESSAGE	NETWORK LAYER
MESSAGE	OFFICE PROTOCOL VERSION
MESSAGE	FORWARDING TABLE
MESSAGE	TRANSPORT LAYER
MESSAGE	TRANSMISSION CONTROL PROTOCOL
MESSAGE	ETHERNET NETWORK
MESSAGE	INTERNET SOFTWARE
MESSAGE	PORT NUMBER
MESSAGE	EMAIL MESSAGE
MESSAGE	CARRIER SENSE
MESSAGE	COLLISION AVOIDANCE
MESSAGE	HOP COUNT
MESSAGE	COLLISION DETECTION
MESSAGE	MULTIPLE ACCESS
MESSAGE	MULTIPLE ACCESS WITH COLLISION DETECTION
MESSAGE	INTERNET PROTOCOL ADDRESS
MESSAGE	LINK LAYER
SOFTWARE	MALICIOUS SOFTWARE
SOFTWARE	OPERATING SYSTEM
SOFTWARE	WORLD WIDE WEB
SOFTWARE	APPLICATION LAYER
SOFTWARE	NETWORK LAYER
SOFTWARE	PROXY SERVER
SOFTWARE	BROWSER
SOFTWARE	INTERNET SOFTWARE
SOFTWARE	NETWORK SOFTWARE
SOFTWARE	NETWORK
SOFTWARE	TROJAN HORSE
NETWORK SOFTWARE	OPERATING SYSTEM
NETWORK SOFTWARE	NETWORK
NETWORK SOFTWARE	SOFTWARE
NETWORK SOFTWARE	MESSAGE
OPERATING SYSTEM	MALICIOUS SOFTWARE
OPERATING SYSTEM	SOFTWARE
PERSONAL AREA NETWORK	INTERNET
LOCAL AREA NETWORK	INTERNET
METROPOLITAN AREA NETWORK	INTERNET
WIDE AREA NETWORK	INTERNET SERVICE PROVIDER
WIDE AREA NETWORK	INTERNET SERVICE PROVIDERS
WIDE AREA NETWORK	INTERNET
OPEN NETWORK	INTERNET
OPEN NETWORK	OPEN SYSTEM
OPEN NETWORK	TRANSMISSION CONTROL PROTOCOL
OPEN NETWORK	INTERNET PROTOCOL
INTERNET	INTERNET SERVICE PROVIDER
INTERNET	FOUR - LEVEL HIERARCHY
INTERNET	VOICE OVER INTERNET PROTOCOL
INTERNET	MALICIOUS SOFTWARE
INTERNET	SECURE SHELL
INTERNET	CONTENT DELIVERY NETWORK
INTERNET	INTERNET SERVICE PROVIDERS
INTERNET	INSTANT MESSAGING
INTERNET	WORLD WIDE WEB
INTERNET	SIMPLE MAIL TRANSFER PROTOCOL
INTERNET	PUBLIC - KEY ENCRYPTION SYSTEM
INTERNET	SECURE SOCKET LAYER
INTERNET	TRADITIONAL INTERNET
INTERNET	INTERNET ACCESS
INTERNET	APPLICATION LAYER
INTERNET	WORLDWIDE INTERNET
INTERNET	DOMAIN NAME SYSTEM
INTERNET	TRANSMISSION CONTROL PROTOCOL TRANSPORT LAYER
INTERNET	NETWORK LAYER
INTERNET	TERM GATEWAY
INTERNET	HYPERTEXT TRANSFER PROTOCOL
INTERNET	BROWSER
INTERNET	INTERNET CORPORATION FOR ASSIGNED NAME
INTERNET	FORWARDING TABLE
INTERNET	ACCESS INTERNET SERVICE PROVIDER
INTERNET	TRANSPORT LAYER
INTERNET	WIDE AREA NETWORK
INTERNET	TRANSMISSION CONTROL PROTOCOL
INTERNET	DOMAIN NAME
INTERNET	FILE TRANSFER PROTOCOL
INTERNET	INTERNET INFRASTRUCTURE
INTERNET	NETWORK PROTOCOL
INTERNET	INTERNET SOFTWARE
INTERNET	END SYSTEM
INTERNET	INTERNET PROTOCOL
INTERNET	TIER - 2 INTERNET SERVICE PROVIDERS
INTERNET	NAME SERVER
INTERNET	TERM PEER - TO - PEER
INTERNET	INTERNET PROTOCOL ADDRESS
INTERNET	LINK LAYER
OPEN SYSTEM	INTERNET
OPEN SYSTEM	TRANSMISSION CONTROL PROTOCOL
OPEN SYSTEM	INTERNET PROTOCOL
TRANSMISSION CONTROL PROTOCOL	TRANSMISSION CONTROL PROTOCOL TRANSPORT LAYER
TRANSMISSION CONTROL PROTOCOL	TRANSPORT LAYER
TRANSMISSION CONTROL PROTOCOL	MAIL SERVER
INTERNET PROTOCOL	FOUR - LEVEL HIERARCHY
INTERNET PROTOCOL	VOICE OVER INTERNET PROTOCOL
INTERNET PROTOCOL	NETWORK LAYER
INTERNET PROTOCOL	FILE TRANSFER PROTOCOL
INTERNET PROTOCOL	NETWORK PROTOCOL
INTERNET PROTOCOL	INTERNET PROTOCOL ADDRESS
ETHERNET NETWORK	CARRIER SENSE
ETHERNET NETWORK	MULTIPLE ACCESS WITH COLLISION DETECTION
ETHERNET NETWORK	LINK LAYER
STAR NETWORK	MULTIPLE ACCESS WITH COLLISION AVOIDANCE
STAR NETWORK	ACCESS POINT
STAR NETWORK	CENTRAL ACCESS POINT
STAR NETWORK	ETHERNET NETWORK
ACCESS POINT	MULTIPLE ACCESS WITH COLLISION AVOIDANCE
ACCESS POINT	HIDDEN TERMINAL PROBLEM
ACCESS POINT	WIFI NETWORK
ACCESS POINT	INTERNET ACCESS
ACCESS POINT	TERM GATEWAY
ACCESS POINT	ACCESS INTERNET SERVICE PROVIDER
ACCESS POINT	HIDDEN TERMINAL
BUS NETWORK	SHORT BUS
BUS NETWORK	ETHERNET NETWORK
BUS NETWORK	CARRIER SENSE
BUS NETWORK	COLLISION DETECTION
BUS NETWORK	MULTIPLE ACCESS
BUS NETWORK	MULTIPLE ACCESS WITH COLLISION DETECTION
CARRIER SENSE	BUSY CHANNEL
CARRIER SENSE	ETHERNET NETWORK
CARRIER SENSE	COLLISION AVOIDANCE
CARRIER SENSE	LINK LAYER
MULTIPLE ACCESS WITH COLLISION DETECTION	BUSY CHANNEL
MULTIPLE ACCESS WITH COLLISION DETECTION	LINK LAYER
MULTIPLE ACCESS	BUSY CHANNEL
MULTIPLE ACCESS	ETHERNET NETWORK
COLLISION DETECTION	ETHERNET NETWORK
CENTRAL ACCESS POINT	MULTIPLE ACCESS WITH COLLISION AVOIDANCE
CENTRAL ACCESS POINT	HIDDEN TERMINAL PROBLEM
HIDDEN TERMINAL PROBLEM	MULTIPLE ACCESS WITH COLLISION AVOIDANCE
HIDDEN TERMINAL PROBLEM	WIFI NETWORK
HIDDEN TERMINAL PROBLEM	CARRIER SENSE
MULTIPLE ACCESS WITH COLLISION AVOIDANCE	BUSY CHANNEL
MULTIPLE ACCESS WITH COLLISION AVOIDANCE	SILENT CHANNEL
MULTIPLE ACCESS WITH COLLISION AVOIDANCE	LINK LAYER
COLLISION AVOIDANCE	BUSY CHANNEL
COLLISION AVOIDANCE	SILENT CHANNEL
BUSY CHANNEL	WIFI NETWORK
BUSY CHANNEL	SILENT CHANNEL
SILENT CHANNEL	WIFI NETWORK
WIFI NETWORK	TERM GATEWAY
WIFI NETWORK	HIDDEN TERMINAL
WIFI NETWORK	LINK LAYER
WORLDWIDE INTERNET	TRADITIONAL TELEPHONE COMMUNICATION
TRADITIONAL TELEPHONE COMMUNICATION	WORLDWIDE INTERNET
FINAL DESTINATION	FORWARDING TABLE
PROPER DIRECTION	FORWARDING TABLE
FORWARDING TABLE	PROPER DIRECTION
FORWARDING TABLE	NETWORK LAYER
INTERPROCESS COMMUNICATION	CLIENT/SERVER MODEL
INTERPROCESS COMMUNICATION	PEER - TO - PEER MODEL
SERVER	PRINT SERVER
SERVER	CONTENT DELIVERY NETWORK
SERVER	APPLICATION LAYER
SERVER	SERVER - SIDE ACTIVITY
SERVER	FILE SERVER
SERVER	CLIENT - SIDE ACTIVITY
SERVER	REMOTE SERVER
SERVER	PROXY SERVER
SERVER	SERVER SIDE
SERVER	REMOTE MAIL SERVER
SERVER	INTERPROCESS COMMUNICATION
SERVER	SERVER PROCESS
SERVER	CENTRAL SERVER
SERVER	UNIFORM RESOURCE LOCATOR
SERVER	CLIENT/SERVER MODEL
SERVER	NAME SERVER
SERVER	PEER - TO - PEER MODEL
SERVER	MAIL SERVER
SERVER	DENIAL OF SERVICE
CLIENT/SERVER MODEL	PRINT SERVER
CLIENT/SERVER MODEL	INSTANT MESSAGING
CLIENT/SERVER MODEL	FILE SERVER
CLIENT/SERVER MODEL	CENTRAL SERVER
CLIENT/SERVER MODEL	PEER - TO - PEER MODEL
MASS STORAGE	MALICIOUS SOFTWARE
MASS STORAGE	MAGNETIC DISK
MASS STORAGE	FILE SERVER
FILE SERVER	MASS STORAGE
PEER - TO - PEER MODEL	VOICE OVER INTERNET PROTOCOL
PEER - TO - PEER MODEL	INSTANT MESSAGING
INSTANT MESSAGING	SIMPLE MAIL TRANSFER PROTOCOL
CENTRAL SERVER	CONTENT DELIVERY NETWORK
CENTRAL SERVER	PEER - TO - PEER MODEL
US GOVERNMENT	DAR - PA
DAR - PA	COMPUTER EMERGENCY RESPONSE TEAM
INTERNET SERVICE PROVIDERS	INTERNET CORPORATION FOR ASSIGNED NAME
INTERNET SERVICE PROVIDERS	ACCESS INTERNET SERVICE PROVIDER
INTERNET SERVICE PROVIDERS	TIER - 2 INTERNET SERVICE PROVIDERS
INTERNET SERVICE PROVIDERS	INTERNET PROTOCOL ADDRESS
INTERNET SERVICE PROVIDER	INTERNET CORPORATION FOR ASSIGNED NAME
INTERNET SERVICE PROVIDER	ACCESS INTERNET SERVICE PROVIDER
INTERNET SERVICE PROVIDER	TIER - 2 INTERNET SERVICE PROVIDERS
INTERNET SERVICE PROVIDER	INTERNET PROTOCOL ADDRESS
TRADITIONAL TELEPHONE	VOICE OVER INTERNET PROTOCOL
TRADITIONAL TELEPHONE	FIRST GENERATION
TIER - 2 INTERNET SERVICE PROVIDERS	VOICE OVER INTERNET PROTOCOL
ACCESS INTERNET SERVICE PROVIDER	VOICE OVER INTERNET PROTOCOL
ACCESS INTERNET SERVICE PROVIDER	CONTENT DELIVERY NETWORK
ACCESS INTERNET SERVICE PROVIDER	END SYSTEM
SINGLE AUTHORITY	ACCESS INTERNET SERVICE PROVIDER
SINGLE AUTHORITY	DOMAIN NAME
SINGLE AUTHORITY	MNEMONIC DOMAIN NAME
INTERNET ACCESS	MALICIOUS SOFTWARE
INTERNET ACCESS	SECURE SOCKET LAYER
INTERNET ACCESS	ACCESS INTERNET SERVICE PROVIDER
INTERNET ACCESS	MNEMONIC ADDRESS
INTERNET ACCESS	DOMAIN NAME
INTERNET ACCESS	END SYSTEM
INTERNET ACCESS	TROJAN HORSE
INTERNET ACCESS	MNEMONIC DOMAIN NAME
END USER	CONTENT DELIVERY NETWORK
END USER	SIMPLE MAIL TRANSFER PROTOCOL
END USER	MAIL SERVER
INTERNET PROTOCOL ADDRESS	APPLICATION LAYER
INTERNET PROTOCOL ADDRESS	DOMAIN NAME SYSTEM
INTERNET PROTOCOL ADDRESS	INTERNET CORPORATION FOR ASSIGNED NAME
INTERNET PROTOCOL ADDRESS	MNEMONIC ADDRESS
INTERNET PROTOCOL ADDRESS	DOMAIN NAME
INTERNET PROTOCOL ADDRESS	NAME SERVER
INTERNET PROTOCOL ADDRESS	BIT PATTERN
INTERNET CORPORATION FOR ASSIGNED NAME	DOMAIN NAME
BIT PATTERN	DIGITAL SIGNATURE
MNEMONIC DOMAIN NAME	DOMAIN NAME SYSTEM
MNEMONIC DOMAIN NAME	MNEMONIC ADDRESS
MNEMONIC DOMAIN NAME	UNIFORM RESOURCE LOCATOR
MNEMONIC DOMAIN NAME	NAME SERVER
DOMAIN NAME	DOMAIN NAME SYSTEM
DOMAIN NAME	MNEMONIC ADDRESS
DOMAIN NAME	NAME SERVER
DOMAIN NAME	MNEMONIC DOMAIN NAME
MNEMONIC ADDRESS	APPLICATION LAYER
MNEMONIC ADDRESS	UNIFORM RESOURCE LOCATOR
NAME SERVER	APPLICATION LAYER
NAME SERVER	DOMAIN NAME SYSTEM
DOMAIN NAME SYSTEM	MAIL SERVER PROCESS
DOMAIN NAME SYSTEM	NAME SERVER
DOMAIN NAME SYSTEM	MAIL SERVER
NETWORK PROTOCOL	SECURE SHELL
NETWORK PROTOCOL	SIMPLE MAIL TRANSFER PROTOCOL
NETWORK PROTOCOL	DOMAIN NAME SYSTEM
NETWORK PROTOCOL	HYPERTEXT TRANSFER PROTOCOL
NETWORK PROTOCOL	FILE TRANSFER PROTOCOL
BROWSER	WORLD WIDE WEB
BROWSER	LEVEL - ONE HEADING
BROWSER	SERVER - SIDE ACTIVITY
BROWSER	CLIENT - SIDE ACTIVITY
BROWSER	HYPERTEXT DOCUMENT
BROWSER	HYPERTEXT TRANSFER PROTOCOL
BROWSER	HYPERTEXT MARKUP LANGUAGE
BROWSER	CLIENT SIDE
BROWSER	HYPERTEXT MARKUP LANGUAGE SOURCE DOCUMENT
BROWSER	UNIFORM RESOURCE LOCATOR
HYPERTEXT TRANSFER PROTOCOL	WORLD WIDE WEB
HYPERTEXT TRANSFER PROTOCOL	SECURE SOCKET LAYER
HYPERTEXT TRANSFER PROTOCOL	UNIFORM RESOURCE LOCATOR
EMAIL MESSAGE	SIMPLE MAIL TRANSFER PROTOCOL
EMAIL MESSAGE	REMOTE SERVER
EMAIL MESSAGE	OFFICE PROTOCOL VERSION
EMAIL MESSAGE	MAIL SERVER PROCESS
EMAIL MESSAGE	REMOTE MAIL SERVER
EMAIL MESSAGE	INTERNET MAIL ACCESS PROTOCOL
EMAIL MESSAGE	MAIL SERVER
EMAIL MESSAGE	TROJAN HORSE
SIMPLE MAIL TRANSFER PROTOCOL	OFFICE PROTOCOL VERSION
SIMPLE MAIL TRANSFER PROTOCOL	INTERNET MAIL ACCESS PROTOCOL
SIMPLE MAIL TRANSFER PROTOCOL	MAIL SERVER
MAIL SERVER	REMOTE SERVER
MAIL SERVER	DOMAIN NAME SYSTEM
MAIL SERVER	OFFICE PROTOCOL VERSION
MAIL SERVER	MAIL SERVER PROCESS
MAIL SERVER	REMOTE MAIL SERVER
MAIL SERVER	INTERNET MAIL ACCESS PROTOCOL
MAIL SERVER PROCESS	DOMAIN NAME SYSTEM
SERVER PROCESS	WORLD WIDE WEB
REMOTE SERVER	REMOTE MAIL SERVER
NETWORK SECURITY	MALICIOUS SOFTWARE
NETWORK SECURITY	UNAUTHORIZED ACCESS
NETWORK SECURITY	PUBLIC - KEY ENCRYPTION SYSTEM
NETWORK SECURITY	PUBLICKEY ENCRYPTION
NETWORK SECURITY	SECURE SOCKET LAYER
NETWORK SECURITY	THEFT OF INFORMATION
NETWORK SECURITY	ELECTRONIC COMMUNICATION
NETWORK SECURITY	ABUSE ACT
NETWORK SECURITY	ANTICYBERSQUATTING CONSUMER PROTECTION ACT
NETWORK SECURITY	COMPUTER FRAUD
NETWORK SECURITY	ELECTRONIC COMMUNICATION PRIVACY ACT
NETWORK SECURITY	TROJAN HORSE
TRANSMISSION CONTROL PROTOCOL/INTERNET PROTOCOL NETWORK	FOUR - LEVEL HIERARCHY
TRANSMISSION CONTROL PROTOCOL/INTERNET PROTOCOL NETWORK	VOICE OVER INTERNET PROTOCOL
WORLD WIDE WEB	HYPERTEXT DOCUMENT
WORLD WIDE WEB	HYPERTEXT TRANSFER PROTOCOL
WORLD WIDE WEB	BROWSER
WORLD WIDE WEB	WORLD WIDE WEB CONSORTIUM
WORLD WIDE WEB	UNIFORM RESOURCE LOCATOR
HYPERTEXT DOCUMENT	WORLD WIDE WEB
HYPERTEXT DOCUMENT	HYPERTEXT TRANSFER PROTOCOL
HYPERTEXT DOCUMENT	BROWSER
HYPERTEXT DOCUMENT	HYPERTEXT MARKUP LANGUAGE
HYPERTEXT DOCUMENT	HYPERTEXT TRANSFER PROTOCOL PROTOCOL
UNIFORM RESOURCE LOCATOR	DIRECTORY PATH
DIRECTORY PATH	UNIFORM RESOURCE LOCATOR
HOME PAGE	UNIFORM RESOURCE LOCATOR
HYPERTEXT TRANSFER PROTOCOL PROTOCOL	SECURE SOCKET LAYER
HYPERTEXT TRANSFER PROTOCOL PROTOCOL	UNIFORM RESOURCE LOCATOR
HYPERTEXT MARKUP LANGUAGE	LEVEL - ONE HEADING
HYPERTEXT MARKUP LANGUAGE	EXTENSIBLE MARKUP LANGUAGE STANDARD
HYPERTEXT MARKUP LANGUAGE	HYPERTEXT DOCUMENT
HYPERTEXT MARKUP LANGUAGE	IMAGE TAG
HYPERTEXT MARKUP LANGUAGE	HYPERTEXT MARKUP LANGUAGE SOURCE DOCUMENT
SOURCE VERSION	LEVEL - ONE HEADING
SOURCE VERSION	IMAGE TAG
SOURCE VERSION	HYPERTEXT MARKUP LANGUAGE SOURCE DOCUMENT
HYPERTEXT MARKUP LANGUAGE SOURCE DOCUMENT	LEVEL - ONE HEADING
HYPERTEXT MARKUP LANGUAGE SOURCE DOCUMENT	EXTENSIBLE MARKUP LANGUAGE STANDARD
HYPERTEXT MARKUP LANGUAGE SOURCE DOCUMENT	IMAGE TAG
WORLD WIDE WEB CONSORTIUM	EXTENSIBLE MARKUP LANGUAGE
EXTENSIBLE MARKUP LANGUAGE	EXTENSIBLE MARKUP LANGUAGE STANDARD
EXTENSIBLE MARKUP LANGUAGE	HYPERTEXT MARKUP LANGUAGE
TEXT DOCUMENT	EXTENSIBLE MARKUP LANGUAGE STANDARD
TEXT DOCUMENT	EXTENSIBLE MARKUP LANGUAGE
TEXT DOCUMENT	HYPERTEXT MARKUP LANGUAGE
CUSTOMIZED WEBPAGE	SERVER - SIDE ACTIVITY
SERVER - SIDE ACTIVITY	SERVER SIDE
SERVER - SIDE ACTIVITY	CUSTOMIZED WEBPAGE
SERVER SIDE	SERVER - SIDE ACTIVITY
CLIENT SIDE	CLIENT - SIDE ACTIVITY
INTERNET SOFTWARE	APPLICATION LAYER
INTERNET SOFTWARE	NETWORK LAYER
INTERNET SOFTWARE	TRANSPORT LAYER
INTERNET SOFTWARE	LINK LAYER
APPLICATION LAYER	SECURE SHELL
APPLICATION LAYER	TRANSPORT LAYER
APPLICATION LAYER	FILE TRANSFER PROTOCOL
APPLICATION LAYER	INTERNET SOFTWARE
APPLICATION LAYER	PORT NUMBER
TRANSPORT LAYER	USER DATAGRAM PROTOCOL
TRANSPORT LAYER	TRANSMISSION CONTROL PROTOCOL TRANSPORT LAYER
TRANSPORT LAYER	NETWORK LAYER
TRANSPORT LAYER	TRANSMISSION CONTROL PROTOCOL TRANSPORT
TRANSPORT LAYER	TRANSMISSION CONTROL PROTOCOL
TRANSPORT LAYER	INTERNET SOFTWARE
TRANSPORT LAYER	PORT NUMBER
NETWORK LAYER	INTERNET PROTOCOL VERSION
NETWORK LAYER	INTERNET PROTOCOL NETWORK LAYER
NETWORK LAYER	FORWARDING TABLE
NETWORK LAYER	INTERNET SOFTWARE
NETWORK LAYER	HOP COUNT
NETWORK LAYER	LINK LAYER
LINK LAYER	MULTIPLE ACCESS WITH COLLISION AVOIDANCE
LINK LAYER	WIFI NETWORK
LINK LAYER	ETHERNET NETWORK
LINK LAYER	ACTUAL TRANSMISSION
LINK LAYER	INTERNET SOFTWARE
LINK LAYER	CARRIER SENSE
LINK LAYER	MULTIPLE ACCESS WITH COLLISION DETECTION
FOUR - LEVEL HIERARCHY	APPLICATION LAYER
FOUR - LEVEL HIERARCHY	NETWORK LAYER
FOUR - LEVEL HIERARCHY	TRANSPORT LAYER
FOUR - LEVEL HIERARCHY	LINK LAYER
USER DATAGRAM PROTOCOL	VOICE OVER INTERNET PROTOCOL
USER DATAGRAM PROTOCOL	DOMAIN NAME SYSTEM
USER DATAGRAM PROTOCOL	TRANSPORT LAYER
INTERNET PROTOCOL NETWORK LAYER	INTERNET PROTOCOL VERSION
INTERNET PROTOCOL NETWORK LAYER	HOP COUNT
UNAUTHORIZED ACCESS	THEFT OF INFORMATION
UNAUTHORIZED ACCESS	NETWORK SECURITY
MALICIOUS SOFTWARE	SECURE SOCKET LAYER
MALICIOUS SOFTWARE	TROJAN HORSE
DENIAL OF SERVICE	DENIAL OF SERVICE ATTACK
SERVICE ATTACK	DENIAL OF SERVICE ATTACK
ACTUAL SERVER	PROXY SERVER
ACTUAL CLIENT	PROXY SERVER
PUBLICKEY ENCRYPTION	DIGITAL SIGNATURE
PUBLICKEY ENCRYPTION	ENCRYPTED VERSION
PUBLIC - KEY ENCRYPTION SYSTEM	DIGITAL SIGNATURE
PUBLIC - KEY ENCRYPTION SYSTEM	PUBLICKEY ENCRYPTION
PUBLIC - KEY ENCRYPTION SYSTEM	PUBLIC KEY
PUBLIC - KEY ENCRYPTION SYSTEM	PRIVATE KEY
PUBLIC - KEY ENCRYPTION SYSTEM	ENCRYPTED VERSION
PUBLIC KEY	PUBLIC - KEY ENCRYPTION SYSTEM
PUBLIC KEY	PRIVATE KEY
PRIVATE KEY	DIGITAL SIGNATURE
PRIVATE KEY	PUBLIC - KEY ENCRYPTION SYSTEM
PRIVATE KEY	ENCRYPTED VERSION
COMPUTER FRAUD	UNAUTHORIZED ACCESS
COMPUTER FRAUD	NETWORK SECURITY
ABUSE ACT	NETWORK SECURITY
THEFT OF INFORMATION	NETWORK SECURITY
